step,tokens,loss,throughput
1,3200,10.90489673614502,747.2505036315364
2,6400,9.403237342834473,761.7913249251444
3,9600,8.89067268371582,760.6852726189348
4,12800,8.381037712097168,766.6778233734233
5,16000,8.005228042602539,762.0937430385895
